{
  "base_oof_npz": "/cluster/scratch/ppurkayastha/Acads/SCAI/asia2026_starter/runs/t1_tabpfn_25_t1safe_discrete_oof__20260222_195410__job58152512__wxrdebfu/oof_predictions_train.npz",
  "created_utc": "2026-02-23T08:16:59.778747+00:00",
  "min_delta": 0.05,
  "min_r2_delta": 0.05,
  "output_csv": "/cluster/scratch/ppurkayastha/Acads/SCAI/asia2026_starter/runs/t1_compare_discrete_overlay_oof__20260223_081659__jobnojid__mf9dr1w5/per_target_metrics.csv",
  "overall_base": {
    "mae_all_imputed_only": 0.3791845738887787,
    "mae_sensory_imputed_only": 0.3806261718273163,
    "n_imputed_all": 164398.0,
    "n_imputed_sensory": 163726.0,
    "r2_all_imputed_only": 0.6189117431640625,
    "r2_sensory_imputed_only": 0.6188299655914307,
    "rmse_all_imputed_only": 0.5351890325546265,
    "rmse_sensory_imputed_only": 0.5362140536308289
  },
  "overall_overlay": {
    "mae_all_imputed_only": 0.38952043652534485,
    "mae_sensory_imputed_only": 0.3909856379032135,
    "n_imputed_all": 164398.0,
    "n_imputed_sensory": 163726.0,
    "r2_all_imputed_only": 0.6249364614486694,
    "r2_sensory_imputed_only": 0.6248486042022705,
    "rmse_all_imputed_only": 0.5309417843818665,
    "rmse_sensory_imputed_only": 0.5319638252258301
  },
  "overlay_oof_npz": "/cluster/scratch/ppurkayastha/Acads/SCAI/asia2026_starter/runs/t1_tabpfn_t1safe_discrete_overlay_oof__20260222_200243__job58152606__xmlagr4h/oof_predictions_train_avg.npz"
}