{
  "artifacts": {
    "submission_csv": "predictions_test.csv",
    "train_metrics_json": "train_metrics.json"
  },
  "finished_utc": "2026-02-16T09:55:28.493137+00:00",
  "method": "tabimpute",
  "run_id": "t1_tabimpute__20260216_094957__job57301590__j2k8vjoi",
  "track": 1,
  "train_metrics": {
    "mae_all": 0.4006640315055847,
    "mae_all_imputed_only": 0.4323693513870239,
    "mae_sensory": 0.3990202844142914,
    "mae_sensory_imputed_only": 0.4340435862541199,
    "r2_all": 0.6057823048436157,
    "r2_all_imputed_only": 0.5298547547695109,
    "r2_sensory": 0.6099969153490672,
    "r2_sensory_imputed_only": 0.5296901405424477,
    "rmse_all": 0.5699076652526855,
    "rmse_all_imputed_only": 0.5944433808326721,
    "rmse_imputed_only": 0.5944433808326721,
    "rmse_sensory": 0.5680767893791199,
    "rmse_sensory_imputed_only": 0.595622181892395
  }
}