{
  "artifacts": {
    "submission_csv": "predictions_test.csv",
    "train_metrics_json": "train_metrics.json"
  },
  "finished_utc": "2026-02-16T09:42:31.612971+00:00",
  "method": "tabimpute",
  "run_id": "t1_tabimpute__20260216_090906__job57300645__tfy46pae",
  "track": 1,
  "train_metrics": {
    "mae_all": 0.4286428689956665,
    "mae_all_imputed_only": 0.46871620416641235,
    "mae_sensory": 0.42722010612487793,
    "mae_sensory_imputed_only": 0.47054195404052734,
    "r2_all": 0.5656629353478156,
    "r2_all_imputed_only": 0.4792774735482773,
    "r2_sensory": 0.5697681817056572,
    "r2_sensory_imputed_only": 0.4790888734516411,
    "rmse_all": 0.5982047915458679,
    "rmse_all_imputed_only": 0.6256012916564941,
    "rmse_imputed_only": 0.6256012916564941,
    "rmse_sensory": 0.5966563820838928,
    "rmse_sensory_imputed_only": 0.62684565782547
  }
}