{
  "artifacts": {
    "submission_csv": "predictions_test.csv",
    "train_metrics_json": "train_metrics.json"
  },
  "finished_utc": "2026-02-15T14:32:25.148006+00:00",
  "method": "tabimpute_plus",
  "run_id": "t1_tabimpute_plus__20260215_141121__job57231698__64b57wfa",
  "track": 1,
  "train_metrics": {
    "mae_all": 1.0251193046569824,
    "mae_all_imputed_only": 1.183066964149475,
    "mae_sensory": 1.0326188802719116,
    "mae_sensory_imputed_only": 1.185929298400879,
    "r2_all": -1.0902572884229746,
    "r2_all_imputed_only": -1.6443480030132314,
    "r2_sensory": -1.098337222995526,
    "r2_sensory_imputed_only": -1.6435191365014994,
    "rmse_all": 1.3123096227645874,
    "rmse_all_imputed_only": 1.409787893295288,
    "rmse_imputed_only": 1.409787893295288,
    "rmse_sensory": 1.3176822662353516,
    "rmse_sensory_imputed_only": 1.4121149778366089
  }
}