{
  "mae_all": 1.0251193046569824,
  "mae_all_imputed_only": 1.183066964149475,
  "mae_sensory": 1.0326188802719116,
  "mae_sensory_imputed_only": 1.185929298400879,
  "r2_all": -1.0902572884229746,
  "r2_all_imputed_only": -1.6443480030132314,
  "r2_sensory": -1.098337222995526,
  "r2_sensory_imputed_only": -1.6435191365014994,
  "rmse_all": 1.3123096227645874,
  "rmse_all_imputed_only": 1.409787893295288,
  "rmse_imputed_only": 1.409787893295288,
  "rmse_sensory": 1.3176822662353516,
  "rmse_sensory_imputed_only": 1.4121149778366089
}