{
  "artifacts": {
    "cv_metrics_json": "cv_metrics.json",
    "submission_csv": "predictions_test.csv"
  },
  "cv_overall": {
    "mae_all": 0.19869629460372965,
    "mae_all_imputed_only": 0.22995471631912026,
    "mae_sensory": 0.20019751419417967,
    "mae_sensory_imputed_only": 0.23058314272082656,
    "r2_all": 0.815394838827965,
    "r2_all_imputed_only": 0.7679675986915575,
    "r2_sensory": 0.8146264996238164,
    "r2_sensory_imputed_only": 0.7680465486885946,
    "rmse_all": 0.39124906366336554,
    "rmse_all_imputed_only": 0.4209006415667773,
    "rmse_imputed_only": 0.4209006415667773,
    "rmse_sensory": 0.39286241294794094,
    "rmse_sensory_imputed_only": 0.42162360420721895
  },
  "finished_utc": "2026-02-12T17:10:42.192638+00:00",
  "method": "tabpfn_25",
  "run_id": "t2_tabpfn_25__20260212_164757__job56990783__mv5wjg9b",
  "track": 2
}