{
  "folds": [
    {
      "fold": 0,
      "mae_all": 0.18741515319203347,
      "mae_all_imputed_only": 0.21701901744092159,
      "mae_sensory": 0.18899039775158427,
      "mae_sensory_imputed_only": 0.21779223218574476,
      "r2_all": 0.8411487611943012,
      "r2_all_imputed_only": 0.800365680234583,
      "r2_sensory": 0.8404243121649049,
      "r2_sensory_imputed_only": 0.8003735909875426,
      "rmse_all": 0.3623980974201564,
      "rmse_all_imputed_only": 0.38997112764617786,
      "rmse_imputed_only": 0.38997112764617786,
      "rmse_sensory": 0.36394967390351607,
      "rmse_sensory_imputed_only": 0.3906993224810883
    },
    {
      "fold": 1,
      "mae_all": 0.18711749941226724,
      "mae_all_imputed_only": 0.21731793208208458,
      "mae_sensory": 0.18872390366278974,
      "mae_sensory_imputed_only": 0.21807766916784896,
      "r2_all": 0.8351378782154594,
      "r2_all_imputed_only": 0.7914753878207971,
      "r2_sensory": 0.8343837517320483,
      "r2_sensory_imputed_only": 0.7914572496459802,
      "rmse_all": 0.3725312495331368,
      "rmse_all_imputed_only": 0.40147017608489755,
      "rmse_imputed_only": 0.40147017608489755,
      "rmse_sensory": 0.37414404481787733,
      "rmse_sensory_imputed_only": 0.4021897329882935
    },
    {
      "fold": 2,
      "mae_all": 0.186675418912192,
      "mae_all_imputed_only": 0.21600968320717567,
      "mae_sensory": 0.18823052769964105,
      "mae_sensory_imputed_only": 0.21671913199234827,
      "r2_all": 0.8277640351095301,
      "r2_all_imputed_only": 0.7778262177636301,
      "r2_sensory": 0.8270088416674111,
      "r2_sensory_imputed_only": 0.7777625845217034,
      "rmse_all": 0.37249731428010957,
      "rmse_all_imputed_only": 0.4006970900632854,
      "rmse_imputed_only": 0.4006970900632854,
      "rmse_sensory": 0.3741243124112538,
      "rmse_sensory_imputed_only": 0.40143896852928124
    },
    {
      "fold": 3,
      "mae_all": 0.18923919008175877,
      "mae_all_imputed_only": 0.21934183540773375,
      "mae_sensory": 0.19068936360979755,
      "mae_sensory_imputed_only": 0.21996718075136218,
      "r2_all": 0.8454081338688846,
      "r2_all_imputed_only": 0.8051550331310792,
      "r2_sensory": 0.8448039570230135,
      "r2_sensory_imputed_only": 0.8052599611957387,
      "rmse_all": 0.35838411322546093,
      "rmse_all_imputed_only": 0.3858370655234951,
      "rmse_imputed_only": 0.3858370655234951,
      "rmse_sensory": 0.359816673713489,
      "rmse_sensory_imputed_only": 0.3864532767803756
    },
    {
      "fold": 4,
      "mae_all": 0.2062020685416861,
      "mae_all_imputed_only": 0.23735227604488923,
      "mae_sensory": 0.20786610602785222,
      "mae_sensory_imputed_only": 0.23823712806989214,
      "r2_all": 0.8122854532149177,
      "r2_all_imputed_only": 0.7708955494350038,
      "r2_sensory": 0.8114054626256473,
      "r2_sensory_imputed_only": 0.7709352405093192,
      "rmse_all": 0.3957466634486157,
      "rmse_all_imputed_only": 0.42458774369352836,
      "rmse_imputed_only": 0.42458774369352836,
      "rmse_sensory": 0.39744271206454573,
      "rmse_sensory_imputed_only": 0.4254881016729307
    }
  ],
  "overall": {
    "mae_all": 0.1913256611806879,
    "mae_all_imputed_only": 0.22142455262750213,
    "mae_sensory": 0.19289586032820757,
    "mae_sensory_imputed_only": 0.22217325660284765,
    "r2_all": 0.832639855341872,
    "r2_all_imputed_only": 0.789643063055182,
    "r2_sensory": 0.8318987399343268,
    "r2_sensory_imputed_only": 0.7896588921129388,
    "rmse_all": 0.3725267067025201,
    "rmse_all_imputed_only": 0.4007593740512023,
    "rmse_imputed_only": 0.4007593740512023,
    "rmse_sensory": 0.3741124306970302,
    "rmse_sensory_imputed_only": 0.40150094845064
  }
}