{
  "mse_per_target": {
    "anyana": 0.011746920645236969,
    "c2ltl": 0.007565550040453672,
    "c2ltr": 0.0003861498844344169,
    "c2ppl": 0.015018116682767868,
    "c2ppr": 0.013696187175810337,
    "c3ltl": 0.064299575984478,
    "c3ltr": 0.13638076186180115,
    "c3ppl": 0.09526535868644714,
    "c3ppr": 0.0701189786195755,
    "c4ltl": 0.15846295654773712,
    "c4ltr": 0.6301844716072083,
    "c4ppl": 0.20383518934249878,
    "c4ppr": 0.18628747761249542,
    "c5ltl": 0.5786999464035034,
    "c5ltr": 1.127285122871399,
    "c5ppl": 0.7518370747566223,
    "c5ppr": 0.7120697498321533,
    "c6ltl": 0.7949336767196655,
    "c6ltr": 1.0474450588226318,
    "c6ppl": 0.8864461183547974,
    "c6ppr": 0.8524248600006104,
    "c7ltl": 0.9040476083755493,
    "c7ltr": 1.1554055213928223,
    "c7ppl": 1.0011547803878784,
    "c7ppr": 1.04134202003479,
    "c8ltl": 1.0374025106430054,
    "c8ltr": 1.321530818939209,
    "c8ppl": 1.1600017547607422,
    "c8ppr": 1.1725754737854004,
    "l1ltl": 1.8362765312194824,
    "l1ltr": 1.8339465856552124,
    "l1ppl": 1.8763794898986816,
    "l1ppr": 1.8658339977264404,
    "l2ltl": 1.8337798118591309,
    "l2ltr": 1.8441640138626099,
    "l2ppl": 1.8698171377182007,
    "l2ppr": 1.8694403171539307,
    "l3ltl": 1.8333851099014282,
    "l3ltr": 1.831156611442566,
    "l3ppl": 1.8554553985595703,
    "l3ppr": 1.8624473810195923,
    "l4ltl": 1.8375800848007202,
    "l4ltr": 1.8258342742919922,
    "l4ppl": 1.8664911985397339,
    "l4ppr": 1.8546369075775146,
    "l5ltl": 1.8230794668197632,
    "l5ltr": 1.811676025390625,
    "l5ppl": 1.8677259683609009,
    "l5ppr": 1.86074697971344,
    "s1ltl": 1.8266268968582153,
    "s1ltr": 1.8126155138015747,
    "s1ppl": 1.8778512477874756,
    "s1ppr": 1.8750760555267334,
    "s2ltl": 1.8317131996154785,
    "s2ltr": 1.803280234336853,
    "s2ppl": 1.8727612495422363,
    "s2ppr": 1.875465989112854,
    "s3ltl": 1.7896904945373535,
    "s3ltr": 1.778377652168274,
    "s3ppl": 1.8699498176574707,
    "s3ppr": 1.8832495212554932,
    "s45ltl": 0.12315228581428528,
    "s45ppl": 0.4293052554130554,
    "s45ppr": 0.412943035364151,
    "t10ltl": 1.7840499877929688,
    "t10ltr": 1.7973659038543701,
    "t10ppl": 1.8478506803512573,
    "t10ppr": 1.8324646949768066,
    "t11ltl": 1.804215669631958,
    "t11ltr": 1.824489951133728,
    "t11ppl": 1.854166030883789,
    "t11ppr": 1.8447445631027222,
    "t12ltl": 1.8232829570770264,
    "t12ltr": 1.844674825668335,
    "t12ppl": 1.8537472486495972,
    "t12ppr": 1.8607659339904785,
    "t1ltl": 1.042085886001587,
    "t1ltr": 1.2851972579956055,
    "t1ppl": 1.1473588943481445,
    "t1ppr": 1.1517369747161865,
    "t2ltl": 1.1063629388809204,
    "t2ltr": 1.3261510133743286,
    "t2ppl": 1.1979163885116577,
    "t2ppr": 1.1737010478973389,
    "t3ltl": 1.199072003364563,
    "t3ltr": 1.3923224210739136,
    "t3ppl": 1.347711205482483,
    "t3ppr": 1.3358757495880127,
    "t4ltl": 1.3422820568084717,
    "t4ltr": 1.498496174812317,
    "t4ppl": 1.461890697479248,
    "t4ppr": 1.4618260860443115,
    "t5ltl": 1.4617211818695068,
    "t5ltr": 1.6068549156188965,
    "t5ppl": 1.5676286220550537,
    "t5ppr": 1.566002607345581,
    "t6ltl": 1.5457578897476196,
    "t6ltr": 1.6489248275756836,
    "t6ppl": 1.6425820589065552,
    "t6ppr": 1.6557996273040771,
    "t7ltl": 1.6092270612716675,
    "t7ltr": 1.6968600749969482,
    "t7ppl": 1.7073971033096313,
    "t7ppr": 1.7133362293243408,
    "t8ltl": 1.6943943500518799,
    "t8ltr": 1.7396345138549805,
    "t8ppl": 1.7739734649658203,
    "t8ppr": 1.7725975513458252,
    "t9ltl": 1.7280291318893433,
    "t9ltr": 1.7805262804031372,
    "t9ppl": 1.8116048574447632,
    "t9ppr": 1.81814444065094
  },
  "mse_per_target_all": {
    "anyana": 0.004659935366362333,
    "c2ltl": 0.005993488244712353,
    "c2ltr": 4.9693433538777754e-05,
    "c2ppl": 0.01367942988872528,
    "c2ppr": 0.012693632394075394,
    "c3ltl": 0.038640476763248444,
    "c3ltr": 0.013283839449286461,
    "c3ppl": 0.06545978784561157,
    "c3ppr": 0.0485534593462944,
    "c4ltl": 0.0688481330871582,
    "c4ltr": 0.051709357649087906,
    "c4ppl": 0.09854841977357864,
    "c4ppr": 0.08896491676568985,
    "c5ltl": 0.33751800656318665,
    "c5ltr": 0.28215399384498596,
    "c5ppl": 0.46379557251930237,
    "c5ppr": 0.41362255811691284,
    "c6ltl": 0.6405457258224487,
    "c6ltr": 0.5935934782028198,
    "c6ppl": 0.730506956577301,
    "c6ppr": 0.6929097175598145,
    "c7ltl": 0.8346696496009827,
    "c7ltr": 0.8143766522407532,
    "c7ppl": 0.9331897497177124,
    "c7ppr": 0.9675751328468323,
    "c8ltl": 0.9865733981132507,
    "c8ltr": 1.00167977809906,
    "c8ppl": 1.1052201986312866,
    "c8ppr": 1.1227376461029053,
    "l1ltl": 1.8232686519622803,
    "l1ltr": 1.8112115859985352,
    "l1ppl": 1.8653026819229126,
    "l1ppr": 1.8504137992858887,
    "l2ltl": 1.8283673524856567,
    "l2ltr": 1.8332775831222534,
    "l2ppl": 1.8642979860305786,
    "l2ppr": 1.862818717956543,
    "l3ltl": 1.8333851099014282,
    "l3ltr": 1.827913761138916,
    "l3ppl": 1.8554553985595703,
    "l3ppr": 1.8624473810195923,
    "l4ltl": 1.8375800848007202,
    "l4ltr": 1.8226008415222168,
    "l4ppl": 1.8664911985397339,
    "l4ppr": 1.8546369075775146,
    "l5ltl": 1.8230794668197632,
    "l5ltr": 1.8084676265716553,
    "l5ppl": 1.8677259683609009,
    "l5ppr": 1.86074697971344,
    "s1ltl": 1.8266268968582153,
    "s1ltr": 1.8094053268432617,
    "s1ppl": 1.8778512477874756,
    "s1ppr": 1.8750760555267334,
    "s2ltl": 1.8317131996154785,
    "s2ltr": 1.8000867366790771,
    "s2ppl": 1.8727612495422363,
    "s2ppr": 1.875465989112854,
    "s3ltl": 1.786521077156067,
    "s3ltr": 1.7752283811569214,
    "s3ppl": 1.8666380643844604,
    "s3ppr": 1.8799145221710205,
    "s45ltl": 0.045509640127420425,
    "s45ppl": 0.16726179420948029,
    "s45ppr": 0.15820543467998505,
    "t10ltl": 1.7482426166534424,
    "t10ltr": 1.7167283296585083,
    "t10ppl": 1.814035177230835,
    "t10ppr": 1.7902767658233643,
    "t11ltl": 1.7871744632720947,
    "t11ltr": 1.7652531862258911,
    "t11ppl": 1.8355587720870972,
    "t11ppr": 1.821875810623169,
    "t12ltl": 1.8135958909988403,
    "t12ltr": 1.8076504468917847,
    "t12ppl": 1.841710090637207,
    "t12ppr": 1.8442893028259277,
    "t1ltl": 0.9990244507789612,
    "t1ltr": 0.9969003796577454,
    "t1ppl": 1.101301908493042,
    "t1ppr": 1.1123032569885254,
    "t2ltl": 1.0586861371994019,
    "t2ltr": 1.0552842617034912,
    "t2ppl": 1.1484156847000122,
    "t2ppr": 1.12727952003479,
    "t3ltl": 1.118378758430481,
    "t3ltr": 1.1112278699874878,
    "t3ppl": 1.2594019174575806,
    "t3ppr": 1.2475533485412598,
    "t4ltl": 1.2559131383895874,
    "t4ltr": 1.2092351913452148,
    "t4ppl": 1.3712776899337769,
    "t4ppr": 1.3677653074264526,
    "t5ltl": 1.3719813823699951,
    "t5ltr": 1.3327221870422363,
    "t5ppl": 1.4760137796401978,
    "t5ppr": 1.472633957862854,
    "t6ltl": 1.454508900642395,
    "t6ltr": 1.426991581916809,
    "t6ppl": 1.5524048805236816,
    "t6ppr": 1.5609869956970215,
    "t7ltl": 1.535130500793457,
    "t7ltr": 1.5075409412384033,
    "t7ppl": 1.6398671865463257,
    "t7ppr": 1.6314113140106201,
    "t8ltl": 1.6333800554275513,
    "t8ltr": 1.5968899726867676,
    "t8ppl": 1.7153297662734985,
    "t8ppr": 1.7129528522491455,
    "t9ltl": 1.685185432434082,
    "t9ltr": 1.6743673086166382,
    "t9ppl": 1.7666891813278198,
    "t9ppr": 1.7612601518630981
  },
  "per_target_contrib": {
    "anyana": 0.004827501635028891,
    "c2ltl": 0.0060887132174884005,
    "c2ltr": 4.4962657776610186e-05,
    "c2ppl": 0.013680887115124154,
    "c2ppr": 0.012664282662564353,
    "c3ltl": 0.03831550075787388,
    "c3ltr": 0.010742320283635021,
    "c3ppl": 0.06329273830537926,
    "c3ppr": 0.048026697684640754,
    "c4ltl": 0.07597539012562739,
    "c4ltr": 0.03668882197713198,
    "c4ppl": 0.1054079232558812,
    "c4ppr": 0.09505765124747198,
    "c5ltl": 0.35871469280491136,