{
  "artifacts": {
    "cv_metrics_json": "cv_metrics.json",
    "submission_csv": "predictions_test.csv"
  },
  "cv_overall": {
    "mae_all": 0.19075808649402795,
    "mae_all_imputed_only": 0.2207676884604018,
    "mae_sensory": 0.1923570937132185,
    "mae_sensory_imputed_only": 0.22155271693342524,
    "r2_all": 0.8300714820008244,
    "r2_all_imputed_only": 0.7864148443531898,
    "r2_sensory": 0.8293076950230092,
    "r2_sensory_imputed_only": 0.7864167792518052,
    "rmse_all": 0.37537429253502763,
    "rmse_all_imputed_only": 0.40382276976286624,
    "rmse_imputed_only": 0.40382276976286624,
    "rmse_sensory": 0.37698461428468005,
    "rmse_sensory_imputed_only": 0.40458340265409215
  },
  "finished_utc": "2026-02-12T21:46:03.626528+00:00",
  "method": "tabpfn_25_discrete",
  "run_id": "t2_tabpfn_25_discrete__20260212_211823__job57017219__6627w2wm",
  "track": 2
}