{
  "folds": [
    {
      "fold": 0,
      "mae_all": 0.18746204018801876,
      "mae_all_imputed_only": 0.21707331064841404,
      "mae_sensory": 0.18903641708869529,
      "mae_sensory_imputed_only": 0.2178452647962496,
      "r2_all": 0.8412813384494882,
      "r2_all_imputed_only": 0.8005322950520348,
      "r2_sensory": 0.8405576197821247,
      "r2_sensory_imputed_only": 0.8005403564972556,
      "rmse_all": 0.36224683711418293,
      "rmse_all_imputed_only": 0.3898083587119355,
      "rmse_imputed_only": 0.3898083587119355,
      "rmse_sensory": 0.36379762254345566,
      "rmse_sensory_imputed_only": 0.3905360956186466
    },
    {
      "fold": 1,
      "mae_all": 0.18716352274214001,
      "mae_all_imputed_only": 0.21737138349580537,
      "mae_sensory": 0.18876831736603278,
      "mae_sensory_imputed_only": 0.21812899089601573,
      "r2_all": 0.8351992931039739,
      "r2_all_imputed_only": 0.7915530679796527,
      "r2_sensory": 0.8344459305847761,
      "r2_sensory_imputed_only": 0.7915355447957456,
      "rmse_all": 0.3724618548897791,
      "rmse_all_imputed_only": 0.4013953907354186,
      "rmse_imputed_only": 0.4013953907354186,
      "rmse_sensory": 0.37407380403034635,
      "rmse_sensory_imputed_only": 0.40211422697938265
    },
    {
      "fold": 2,
      "mae_all": 0.18675211672582454,
      "mae_all_imputed_only": 0.21609843335179563,
      "mae_sensory": 0.18831108030436655,
      "mae_sensory_imputed_only": 0.21681187619696365,
      "r2_all": 0.8276441051469214,
      "r2_all_imputed_only": 0.7776715155014564,
      "r2_sensory": 0.8268875699600037,
      "r2_sensory_imputed_only": 0.7776067897915875,
      "rmse_all": 0.37262697888012375,
      "rmse_all_imputed_only": 0.4008365708754096,
      "rmse_imputed_only": 0.4008365708754096,
      "rmse_sensory": 0.3742554253127342,
      "rmse_sensory_imputed_only": 0.4015796539276503
    },
    {
      "fold": 3,
      "mae_all": 0.1891524585198805,
      "mae_all_imputed_only": 0.21924130728794025,
      "mae_sensory": 0.1906015398569483,
      "mae_sensory_imputed_only": 0.2198658728286152,
      "r2_all": 0.8455057919448076,
      "r2_all_imputed_only": 0.8052781197141181,
      "r2_sensory": 0.8449028013380652,
      "r2_sensory_imputed_only": 0.8053839910703381,
      "rmse_all": 0.3582708969452955,
      "rmse_all_imputed_only": 0.3857151766459014,
      "rmse_imputed_only": 0.3857151766459014,
      "rmse_sensory": 0.3597020718952136,
      "rmse_sensory_imputed_only": 0.38633019118864786
    },
    {
      "fold": 4,
      "mae_all": 0.20627650884749826,
      "mae_all_imputed_only": 0.23743796178091967,
      "mae_sensory": 0.20794553027365392,
      "mae_sensory_imputed_only": 0.23832815687964132,
      "r2_all": 0.8122593892990781,
      "r2_all_imputed_only": 0.7708637385859233,
      "r2_sensory": 0.8113784342918275,
      "r2_sensory_imputed_only": 0.7709024122054244,
      "rmse_all": 0.39577413694463814,
      "rmse_all_imputed_only": 0.4246172193929212,
      "rmse_imputed_only": 0.4246172193929212,
      "rmse_sensory": 0.39747119069811115,
      "rmse_sensory_imputed_only": 0.4255185898901408
    }
  ],
  "overall": {
    "mae_all": 0.191357141124096,
    "mae_all_imputed_only": 0.22146098491966232,
    "mae_sensory": 0.19292839205861687,
    "mae_sensory_imputed_only": 0.22221072594239522,
    "r2_all": 0.8326698934171936,
    "r2_all_imputed_only": 0.7896808182658341,
    "r2_sensory": 0.8319288550536764,
    "r2_sensory_imputed_only": 0.7896965744453953,
    "rmse_all": 0.3724932743478743,
    "rmse_all_imputed_only": 0.4007234079599669,
    "rmse_imputed_only": 0.4007234079599669,
    "rmse_sensory": 0.3740789183214138,
    "rmse_sensory_imputed_only": 0.4014649826566947
  }
}