{
  "artifacts": {
    "cv_metrics_json": "cv_metrics.json",
    "submission_csv": "predictions_test.csv"
  },
  "cv_overall": {
    "mae_all": 0.191357141124096,
    "mae_all_imputed_only": 0.22146098491966232,
    "mae_sensory": 0.19292839205861687,
    "mae_sensory_imputed_only": 0.22221072594239522,
    "r2_all": 0.8326698934171936,
    "r2_all_imputed_only": 0.7896808182658341,
    "r2_sensory": 0.8319288550536764,
    "r2_sensory_imputed_only": 0.7896965744453953,
    "rmse_all": 0.3724932743478743,
    "rmse_all_imputed_only": 0.4007234079599669,
    "rmse_imputed_only": 0.4007234079599669,
    "rmse_sensory": 0.3740789183214138,
    "rmse_sensory_imputed_only": 0.4014649826566947
  },
  "finished_utc": "2026-02-15T10:41:12.511279+00:00",
  "method": "tabpfn_25_discrete_bag5",
  "run_id": "t2_tabpfn_25_discrete_bag5__20260215_094004__job57223104__vi6m4eqc",
  "track": 2
}