{
  "mae_all": 0.3714563548564911,
  "mae_all_imputed_only": 0.3906433880329132,
  "mae_sensory": 0.36952176690101624,
  "mae_sensory_imputed_only": 0.39214640855789185,
  "r2_all": 0.6502013135545688,
  "r2_all_imputed_only": 0.5896164021210324,
  "r2_sensory": 0.6546880309009464,
  "r2_sensory_imputed_only": 0.5894807794927632,
  "rmse_all": 0.5368407964706421,
  "rmse_all_imputed_only": 0.5553790330886841,
  "rmse_imputed_only": 0.5553790330886841,
  "rmse_sensory": 0.5345383286476135,
  "rmse_sensory_imputed_only": 0.5564748644828796
}