{
  "mae_all": 0.4147075116634369,
  "mae_all_imputed_only": 0.4786045253276825,
  "mae_sensory": 0.41648319363594055,
  "mae_sensory_imputed_only": 0.4783174693584442,
  "r2_all": 0.5963271219384427,
  "r2_all_imputed_only": 0.48932048945130724,
  "r2_sensory": 0.5958410774197571,
  "r2_sensory_imputed_only": 0.49083405931126745,
  "rmse_all": 0.5767017006874084,
  "rmse_all_imputed_only": 0.6195390224456787,
  "rmse_imputed_only": 0.6195390224456787,
  "rmse_sensory": 0.578294575214386,
  "rmse_sensory_imputed_only": 0.6197384595870972
}