{
  "artifacts": {
    "submission_csv": "predictions_test.csv",
    "train_metrics_json": "train_metrics.json"
  },
  "finished_utc": "2026-02-16T10:04:17.629996+00:00",
  "method": "tabimpute",
  "run_id": "t1_tabimpute__20260216_095050__job57301593__n671uiko",
  "track": 1,
  "train_metrics": {
    "mae_all": 0.32565373182296753,
    "mae_all_imputed_only": 0.3758295774459839,
    "mae_sensory": 0.32670503854751587,
    "mae_sensory_imputed_only": 0.37521013617515564,
    "r2_all": 0.5980275206637515,
    "r2_all_imputed_only": 0.49147163419243545,
    "r2_sensory": 0.597678385372914,
    "r2_sensory_imputed_only": 0.4931487295561593,
    "rmse_all": 0.5754857659339905,
    "rmse_all_imputed_only": 0.618232786655426,
    "rmse_imputed_only": 0.618232786655426,
    "rmse_sensory": 0.5769786238670349,
    "rmse_sensory_imputed_only": 0.6183282136917114
  }
}