{
  "artifacts": {
    "baseline_csv": "/cluster/scratch/ppurkayastha/Acads/SCAI/asia2026_starter/Task1_Discrete.csv",
    "cv_metrics_json": "cv_metrics.json",
    "oof_avg_npz": "oof_predictions_train_avg.npz",
    "submission_csv": "predictions_test_overlay.csv"
  },
  "cv_overall": {
    "mae_all": 0.34104336736333773,
    "mae_all_imputed_only": 0.39359040866136663,
    "mae_sensory": 0.3439995438385798,
    "mae_sensory_imputed_only": 0.3950723173237208,
    "r2_all": 0.6815343135224317,
    "r2_all_imputed_only": 0.5971145629657646,
    "r2_sensory": 0.6801411237062214,
    "r2_sensory_imputed_only": 0.5970366011450079,
    "rmse_all": 0.5122321101428228,
    "rmse_all_imputed_only": 0.5502806592662794,
    "rmse_imputed_only": 0.5502806592662794,
    "rmse_sensory": 0.5144595394512457,
    "rmse_sensory_imputed_only": 0.5513286878573254
  },
  "cv_seedwise_avg": {
    "mae_all": 0.34104336736333773,
    "mae_all_imputed_only": 0.39359040866136663,
    "mae_sensory": 0.3439995438385798,
    "mae_sensory_imputed_only": 0.3950723173237208,
    "r2_all": 0.6815343135224317,
    "r2_all_imputed_only": 0.5971145629657646,
    "r2_sensory": 0.6801411237062214,
    "r2_sensory_imputed_only": 0.5970366011450079,
    "rmse_all": 0.5122321101428228,
    "rmse_all_imputed_only": 0.5502806592662794,
    "rmse_imputed_only": 0.5502806592662794,
    "rmse_sensory": 0.5144595394512457,
    "rmse_sensory_imputed_only": 0.5513286878573254
  },
  "finished_utc": "2026-02-22T22:05:25.652531+00:00",
  "method": "tabpfn_t1safe_discrete_overlay_oof",
  "overlay_targets": [
    "s1ltl",
    "l3ltl",
    "s3ltl",
    "s2ltl",
    "l5ltl",
    "l4ltl",
    "l5ppl",
    "s1ppl",
    "l3ppl",
    "l4ppl",
    "s2ltr",
    "s3ltr",
    "s1ltr",
    "l5ltr",
    "l4ltr",
    "l3ltr",
    "s2ppl",
    "s3ppl",
    "l3ppr",
    "l4ppr",
    "s2ppr",
    "s3ppr",
    "l5ppr",
    "s1ppr",
    "t11ppl",
    "l2ppl",
    "l2ltl",
    "l1ppl",
    "l2ppr",
    "l2ltr"
  ],
  "run_id": "t1_tabpfn_t1safe_discrete_overlay_oof__20260222_200243__job58152606__xmlagr4h",
  "seeds": [
    11,
    22
  ],
  "target_topk": 30,
  "track": 1
}