{
  "overall_avg": {
    "mae_all": 0.33444829266435855,
    "mae_all_imputed_only": 0.38597918265808234,
    "mae_sensory": 0.3373535831978089,
    "mae_sensory_imputed_only": 0.38743964711174034,
    "r2_all": 0.6858126955420455,
    "r2_all_imputed_only": 0.6025270701304664,
    "r2_sensory": 0.6844333921532162,
    "r2_sensory_imputed_only": 0.6024440705335095,
    "rmse_all": 0.508720275170435,
    "rmse_all_imputed_only": 0.5465079655487749,
    "rmse_imputed_only": 0.5465079655487749,
    "rmse_sensory": 0.5109363747738997,
    "rmse_sensory_imputed_only": 0.5475530328063212
  },
  "seedwise": [
    {
      "folds": [
        {
          "fold": 0,
          "mae_all": 0.31064123847628444,
          "mae_all_imputed_only": 0.3596739004167958,
          "mae_sensory": 0.31313525866160075,
          "mae_sensory_imputed_only": 0.3607877353310688,
          "r2_all": 0.7205538725911548,
          "r2_all_imputed_only": 0.6457332877322173,
          "r2_sensory": 0.7195998512037873,
          "r2_sensory_imputed_only": 0.6459618801315332,
          "rmse_all": 0.4833412375514351,
          "rmse_all_imputed_only": 0.5200903041958953,
          "rmse_imputed_only": 0.5200903041958953,
          "rmse_sensory": 0.4852250849726451,
          "rmse_sensory_imputed_only": 0.5208385748335328
        },
        {
          "fold": 1,
          "mae_all": 0.31218050266592623,
          "mae_all_imputed_only": 0.36081793988492805,
          "mae_sensory": 0.31486571162834925,
          "mae_sensory_imputed_only": 0.36203880287426365,
          "r2_all": 0.7375009309279843,
          "r2_all_imputed_only": 0.6669165429664233,
          "r2_sensory": 0.7363722952227991,
          "r2_sensory_imputed_only": 0.6669242272555758,
          "rmse_all": 0.46604505792886564,
          "rmse_all_imputed_only": 0.5010361717935033,
          "rmse_imputed_only": 0.5010361717935033,
          "rmse_sensory": 0.46802634253949216,
          "rmse_sensory_imputed_only": 0.5018629940198782
        },
        {
          "fold": 2,
          "mae_all": 0.33191570315871877,
          "mae_all_imputed_only": 0.38306813233419157,
          "mae_sensory": 0.3348406509388157,
          "mae_sensory_imputed_only": 0.3846772563404987,
          "r2_all": 0.6683613799362367,
          "r2_all_imputed_only": 0.5854016158993032,
          "r2_sensory": 0.6668054776393793,
          "r2_sensory_imputed_only": 0.5852821543843052,
          "rmse_all": 0.5228201272226911,
          "rmse_all_imputed_only": 0.5616637700513567,
          "rmse_imputed_only": 0.5616637700513567,
          "rmse_sensory": 0.5251437753197175,
          "rmse_sensory_imputed_only": 0.5628690746860422
        },
        {
          "fold": 3,
          "mae_all": 0.3923777814941911,
          "mae_all_imputed_only": 0.450492882000951,
          "mae_sensory": 0.395796176964239,
          "mae_sensory_imputed_only": 0.4523573789025438,
          "r2_all": 0.6323801521687817,
          "r2_all_imputed_only": 0.5338081614674834,
          "r2_sensory": 0.6307832647118605,
          "r2_sensory_imputed_only": 0.5336655703322974,
          "rmse_all": 0.5410406177677656,
          "rmse_all_imputed_only": 0.5797244714421843,
          "rmse_imputed_only": 0.5797244714421843,
          "rmse_sensory": 0.5434108734112653,
          "rmse_sensory_imputed_only": 0.5809427901191406
        },
        {
          "fold": 4,
          "mae_all": 0.33701341387041117,
          "mae_all_imputed_only": 0.3891051541868453,
          "mae_sensory": 0.34003242895164415,
          "mae_sensory_imputed_only": 0.3905745543706269,
          "r2_all": 0.6527901697307106,
          "r2_all_imputed_only": 0.5585114146403094,
          "r2_sensory": 0.6512045389345436,
          "r2_sensory_imputed_only": 0.5582933077959812,
          "rmse_all": 0.538092918330409,
          "rmse_all_imputed_only": 0.578185471647449,
          "rmse_imputed_only": 0.578185471647449,
          "rmse_sensory": 0.5405108970889623,
          "rmse_sensory_imputed_only": 0.5792903022541641
        }
      ],
      "overall": {
        "mae_all": 0.3368256171385743,
        "mae_all_imputed_only": 0.3887227988690095,
        "mae_sensory": 0.339733869287535,
        "mae_sensory_imputed_only": 0.3901733284732563,
        "r2_all": 0.682886770093501,
        "r2_all_imputed_only": 0.598825532404048,
        "r2_sensory": 0.6815232540647921,
        "r2_sensory_imputed_only": 0.5987778313819291,
        "rmse_all": 0.5111444343958091,
        "rmse_all_imputed_only": 0.5491121910752328,
        "rmse_imputed_only": 0.5491121910752328,
        "rmse_sensory": 0.5133480282199328,
        "rmse_sensory_imputed_only": 0.5501375192974964
      },
      "seed": 11
    },
    {
      "folds": [
        {
          "fold": 0,
          "mae_all": 0.3342418058457492,
          "mae_all_imputed_only": 0.3854363822126471,
          "mae_sensory": 0.3371488813748766,
          "mae_sensory_imputed_only": 0.38688019203632684,
          "r2_all": 0.6814999523768583,
          "r2_all_imputed_only": 0.5961599641339568,
          "r2_sensory": 0.680128687652626,
          "r2_sensory_imputed_only": 0.5960653339698305,
          "rmse_all": 0.5121592559171594,
          "rmse_all_imputed_only": 0.549985189355691,
          "rmse_imputed_only": 0.549985189355691,
          "rmse_sensory": 0.5143815721991004,
          "rmse_sensory_imputed_only": 0.5510141953252506
        },
        {
          "fold": 1,
          "mae_all": 0.32117690734147625,
          "mae_all_imputed_only": 0.3710804217010885,
          "mae_sensory": 0.3239413815139753,
          "mae_sensory_imputed_only": 0.3724969516253935,
          "r2_all": 0.7001457603426756,
          "r2_all_imputed_only": 0.618641715149657,
          "r2_sensory": 0.69882243253965,
          "r2_sensory_imputed_only": 0.6185199679512885,
          "rmse_all": 0.4957712356398927,
          "rmse_all_imputed_only": 0.5328968958090754,
          "rmse_imputed_only": 0.5328968958090754,
          "rmse_sensory": 0.4979467897527357,
          "rmse_sensory_imputed_only": 0.53396290030346
        },
        {
          "fold": 2,
          "mae_all": 0.38513402133443997,
          "mae_all_imputed_only": 0.4467422865094103,
          "mae_sensory": 0.388506305366907,
          "mae_sensory_imputed_only": 0.4482325238280344,
          "r2_all": 0.6565654463351713,
          "r2_all_imputed_only": 0.5569074952340087,
          "r2_sensory": 0.6550417240633613,
          "r2_sensory_imputed_only": 0.5567798471692491,
          "rmse_all": 0.531536784344769,
          "rmse_all_imputed_only": 0.5724741934402713,
          "rmse_imputed_only": 0.5724741934402713,
          "rmse_sensory": 0.5338600286812539,
          "rmse_sensory_imputed_only": 0.5734295278835746
        },
        {
          "fold": 3,
          "mae_all": 0.3428113437146161,
          "mae_all_imputed_only": 0.39458743400704976,
          "mae_sensory": 0.3457518098325004,
          "mae_sensory_imputed_only": 0.3962566580022282,
          "r2_all": 0.6943058715256323,
          "r2_all_imputed_only": 0.623993357400118,
          "r2_sensory": 0.6928733474834876,
          "r2_sensory_imputed_only": 0.6239641176163253,
          "rmse_all": 0.503246277749359,
          "rmse_all_imputed_only": 0.5399140193212493,
          "rmse_imputed_only": 0.5399140193212493,
          "rmse_sensory": 0.5054562002374501,
          "rmse_sensory_imputed_only": 0.5411150129798978
        },
        {
          "fold": 4,
          "mae_all": 0.3429346469590061,
          "mae_all_imputed_only": 0.39467771243973293,
          "mae_sensory": 0.34597094609498236,
          "mae_sensory_imputed_only": 0.39619491958951064,
          "r2_all": 0.6655591148275224,
          "r2_all_imputed_only": 0.57473010939316,
          "r2_sensory": 0.6640902170824137,
          "r2_sensory_imputed_only": 0.5745474912126147,
          "rmse_all": 0.5230979993968201,