{
  "artifacts": {
    "baseline_csv": "/cluster/scratch/ppurkayastha/Acads/SCAI/asia2026_starter/Task1_Discrete.csv",
    "cv_metrics_json": "cv_metrics.json",
    "submission_csv": "predictions_test_overlay.csv"
  },
  "cv_overall": {
    "mae_all": 0.33444829266435855,
    "mae_all_imputed_only": 0.38597918265808234,
    "mae_sensory": 0.3373535831978089,
    "mae_sensory_imputed_only": 0.38743964711174034,
    "r2_all": 0.6858126955420455,
    "r2_all_imputed_only": 0.6025270701304664,
    "r2_sensory": 0.6844333921532162,
    "r2_sensory_imputed_only": 0.6024440705335095,
    "rmse_all": 0.508720275170435,
    "rmse_all_imputed_only": 0.5465079655487749,
    "rmse_imputed_only": 0.5465079655487749,
    "rmse_sensory": 0.5109363747738997,
    "rmse_sensory_imputed_only": 0.5475530328063212
  },
  "cv_seedwise_avg": {
    "mae_all": 0.33444829266435855,
    "mae_all_imputed_only": 0.38597918265808234,
    "mae_sensory": 0.3373535831978089,
    "mae_sensory_imputed_only": 0.38743964711174034,
    "r2_all": 0.6858126955420455,
    "r2_all_imputed_only": 0.6025270701304664,
    "r2_sensory": 0.6844333921532162,
    "r2_sensory_imputed_only": 0.6024440705335095,
    "rmse_all": 0.508720275170435,
    "rmse_all_imputed_only": 0.5465079655487749,
    "rmse_imputed_only": 0.5465079655487749,
    "rmse_sensory": 0.5109363747738997,
    "rmse_sensory_imputed_only": 0.5475530328063212
  },
  "finished_utc": "2026-02-22T19:40:14.521851+00:00",
  "method": "tabpfn_t1safe_discrete_overlay",
  "overlay_targets": [
    "s1ltl",
    "l3ltl",
    "s3ltl",
    "s2ltl",
    "l5ltl",
    "l4ltl",
    "l5ppl",
    "s1ppl",
    "l3ppl",
    "l4ppl",
    "s2ltr",
    "s3ltr",
    "s1ltr",
    "l5ltr",
    "l4ltr",
    "l3ltr",
    "s2ppl",
    "s3ppl",
    "l3ppr",
    "l4ppr",
    "s2ppr",
    "s3ppr",
    "l5ppr",
    "s1ppr"
  ],
  "run_id": "t1_tabpfn_t1safe_discrete_overlay__20260222_153120__job58132213__pxkczaay",
  "seeds": [
    11,
    22,
    33,
    69
  ],
  "target_topk": 15,
  "track": 1
}