{
  "folds": [
    {
      "fold": 0,
      "mae_all": 0.3145190288435002,
      "mae_all_imputed_only": 0.3640083669795164,
      "mae_sensory": 0.317184626407373,
      "mae_sensory_imputed_only": 0.3653302818207236,
      "r2_all": 0.7274783365837496,
      "r2_all_imputed_only": 0.6548262019816576,
      "r2_sensory": 0.7263058918112597,
      "r2_sensory_imputed_only": 0.654808754743601,
      "rmse_all": 0.47436231711238896,
      "rmse_all_imputed_only": 0.5103197800344572,
      "rmse_imputed_only": 0.5103197800344572,
      "rmse_sensory": 0.4763934823659009,
      "rmse_sensory_imputed_only": 0.5112726749860442
    },
    {
      "fold": 1,
      "mae_all": 0.37898894453959797,
      "mae_all_imputed_only": 0.43632166670546274,
      "mae_sensory": 0.38224316346810666,
      "mae_sensory_imputed_only": 0.437918343679141,
      "r2_all": 0.6480998238750396,
      "r2_all_imputed_only": 0.5511353983102886,
      "r2_sensory": 0.6466516078362425,
      "r2_sensory_imputed_only": 0.5510651900881456,
      "rmse_all": 0.5334143355536582,
      "rmse_all_imputed_only": 0.5723409266303785,
      "rmse_imputed_only": 0.5723409266303785,
      "rmse_sensory": 0.5356969539483541,
      "rmse_sensory_imputed_only": 0.5733844123270753
    },
    {
      "fold": 2,
      "mae_all": 0.310574520337728,
      "mae_all_imputed_only": 0.3580788129173987,
      "mae_sensory": 0.3132986079036143,
      "mae_sensory_imputed_only": 0.35942418648796043,
      "r2_all": 0.7158317899674296,
      "r2_all_imputed_only": 0.6402956450031635,
      "r2_sensory": 0.7145916743246786,
      "r2_sensory_imputed_only": 0.6401928538109367,
      "rmse_all": 0.48641786083538824,
      "rmse_all_imputed_only": 0.5222950554944791,
      "rmse_imputed_only": 0.5222950554944791,
      "rmse_sensory": 0.4885475856047301,
      "rmse_sensory_imputed_only": 0.5232765683012439
    },
    {
      "fold": 3,
      "mae_all": 0.31389272385682077,
      "mae_all_imputed_only": 0.36157516274978824,
      "mae_sensory": 0.3166848718654228,
      "mae_sensory_imputed_only": 0.36309866368335403,
      "r2_all": 0.6894599555702703,
      "r2_all_imputed_only": 0.6137104214430631,
      "r2_sensory": 0.6879916348166316,
      "r2_sensory_imputed_only": 0.6136090521366151,
      "rmse_all": 0.5067250242356657,
      "rmse_all_imputed_only": 0.5438523668759666,
      "rmse_imputed_only": 0.5438523668759666,
      "rmse_sensory": 0.508976670589894,
      "rmse_sensory_imputed_only": 0.5450000511726492
    },
    {
      "fold": 4,
      "mae_all": 0.3248178405222339,
      "mae_all_imputed_only": 0.3757924321020044,
      "mae_sensory": 0.3276822932654187,
      "mae_sensory_imputed_only": 0.3772086487092532,
      "r2_all": 0.7110399224055282,
      "r2_all_imputed_only": 0.6314036976978891,
      "r2_sensory": 0.7097429242706119,
      "r2_sensory_imputed_only": 0.6312796705848582,
      "rmse_all": 0.48783535706204384,
      "rmse_all_imputed_only": 0.524719677802207,
      "rmse_imputed_only": 0.524719677802207,
      "rmse_sensory": 0.4899905286762539,
      "rmse_sensory_imputed_only": 0.5257169977458807
    }
  ],
  "overall": {
    "mae_all": 0.3285608198673774,
    "mae_all_imputed_only": 0.3791845839474798,
    "mae_sensory": 0.3314209182604502,
    "mae_sensory_imputed_only": 0.38062617387699876,
    "r2_all": 0.6987641632595105,
    "r2_all_imputed_only": 0.6189117481449162,
    "r2_sensory": 0.6974399541068481,
    "r2_sensory_imputed_only": 0.6188299481836258,
    "rmse_all": 0.4981839986543606,
    "rmse_all_imputed_only": 0.5351890554830615,
    "rmse_imputed_only": 0.5351890554830615,
    "rmse_sensory": 0.5003556674540913,
    "rmse_sensory_imputed_only": 0.5362140507564311
  }
}