{
  "mae_all": 0.4286858141422272,
  "mae_all_imputed_only": 0.49473658204078674,
  "mae_sensory": 0.4302371144294739,
  "mae_sensory_imputed_only": 0.49411335587501526,
  "r2_all": 0.5343698161255903,
  "r2_all_imputed_only": 0.41093938354357207,
  "r2_sensory": 0.5341326659392106,
  "r2_sensory_imputed_only": 0.41309280550123517,
  "rmse_all": 0.6193797588348389,
  "rmse_all_imputed_only": 0.6653872132301331,
  "rmse_imputed_only": 0.6653872132301331,
  "rmse_sensory": 0.6208750009536743,
  "rmse_sensory_imputed_only": 0.6653704643249512
}