{
  "artifacts": {
    "cv_metrics_json": "cv_metrics.json",
    "submission_csv": "predictions_test.csv"
  },
  "cv_overall": {
    "mae_all": 0.32788461231050037,
    "mae_all_imputed_only": 0.3784041881558572,
    "mae_sensory": 0.3307383328744704,
    "mae_sensory_imputed_only": 0.37984224670313915,
    "r2_all": 0.6998995286613032,
    "r2_all_imputed_only": 0.6203480792961752,
    "r2_sensory": 0.6985821561819263,
    "r2_sensory_imputed_only": 0.6202689128785743,
    "rmse_all": 0.49724427838655816,
    "rmse_all_imputed_only": 0.5341795328891967,
    "rmse_imputed_only": 0.5341795328891967,
    "rmse_sensory": 0.49941032174863337,
    "rmse_sensory_imputed_only": 0.5352009561058437
  },
  "finished_utc": "2026-02-13T00:07:05.786945+00:00",
  "method": "tabpfn_25_t1safe_discrete",
  "run_id": "t1_tabpfn_25_t1safe_discrete__20260212_211649__job57017218__44tae8c8",
  "track": 1
}