{
  "mae_all": 0.4047999083995819,
  "mae_all_imputed_only": 0.467170387506485,
  "mae_sensory": 0.40640223026275635,
  "mae_sensory_imputed_only": 0.4667397737503052,
  "r2_all": 0.585816760243169,
  "r2_all_imputed_only": 0.47602401436482966,
  "r2_sensory": 0.585328570957711,
  "r2_sensory_imputed_only": 0.47759023381912746,
  "rmse_all": 0.5841612219810486,
  "rmse_all_imputed_only": 0.6275526285171509,
  "rmse_imputed_only": 0.6275526285171509,
  "rmse_sensory": 0.5857672691345215,
  "rmse_sensory_imputed_only": 0.6277467012405396
}