{
  "artifacts": {
    "submission_csv": "predictions_test.csv",
    "train_metrics_json": "train_metrics.json"
  },
  "finished_utc": "2026-02-16T10:48:22.101054+00:00",
  "method": "tabimpute",
  "run_id": "t1_tabimpute__20260216_103546__job57301608__mwz10cuh",
  "track": 1,
  "train_metrics": {
    "mae_all": 0.3719354271888733,
    "mae_all_imputed_only": 0.40681523084640503,
    "mae_sensory": 0.36997920274734497,
    "mae_sensory_imputed_only": 0.40838801860809326,
    "r2_all": 0.6301333786015926,
    "r2_all_imputed_only": 0.5594104133442603,
    "r2_sensory": 0.634594665257181,
    "r2_sensory_imputed_only": 0.5592609860413307,
    "rmse_all": 0.552025318145752,
    "rmse_all_imputed_only": 0.5754552483558655,
    "rmse_imputed_only": 0.5754552483558655,
    "rmse_sensory": 0.5498705506324768,
    "rmse_sensory_imputed_only": 0.576593279838562
  }
}