{
  "folds": [
    {
      "fold": 0,
      "mae_all": 0.2230288645815691,
      "mae_all_imputed_only": 0.2581222925816319,
      "mae_sensory": 0.22496536286610444,
      "mae_sensory_imputed_only": 0.2591129978355875,
      "r2_all": 0.7741948064291813,
      "r2_all_imputed_only": 0.7139969156945238,
      "r2_sensory": 0.7731911197171614,
      "r2_sensory_imputed_only": 0.7139418150497713,
      "rmse_all": 0.43179402607159345,
      "rmse_all_imputed_only": 0.4645247408065949,
      "rmse_imputed_only": 0.4645247408065949,
      "rmse_sensory": 0.43367372888842887,
      "rmse_sensory_imputed_only": 0.46542519082924827
    },
    {
      "fold": 1,
      "mae_all": 0.2425293157966683,
      "mae_all_imputed_only": 0.27921868650255927,
      "mae_sensory": 0.24460071727680177,
      "mae_sensory_imputed_only": 0.280227748223741,
      "r2_all": 0.7374177769743075,
      "r2_all_imputed_only": 0.6650644900292043,
      "r2_sensory": 0.7363275008821688,
      "r2_sensory_imputed_only": 0.6649998531319526,
      "rmse_all": 0.46077361404620387,
      "rmse_all_imputed_only": 0.49439915587627503,
      "rmse_imputed_only": 0.49439915587627503,
      "rmse_sensory": 0.4627538438827561,
      "rmse_sensory_imputed_only": 0.4953095941112816
    },
    {
      "fold": 2,
      "mae_all": 0.24383813898001064,
      "mae_all_imputed_only": 0.28113468952637466,
      "mae_sensory": 0.24595962198697693,
      "mae_sensory_imputed_only": 0.28217117730938884,
      "r2_all": 0.7380889299769289,
      "r2_all_imputed_only": 0.668469064508018,
      "r2_sensory": 0.7369511522101473,
      "r2_sensory_imputed_only": 0.6683808890030144,
      "rmse_all": 0.4669804453980508,
      "rmse_all_imputed_only": 0.5014239757255783,
      "rmse_imputed_only": 0.5014239757255783,
      "rmse_sensory": 0.46902042336474,
      "rmse_sensory_imputed_only": 0.5023612946478994
    },
    {
      "fold": 3,
      "mae_all": 0.24834614873359662,
      "mae_all_imputed_only": 0.28607161721783914,
      "mae_sensory": 0.25055503964072706,
      "mae_sensory_imputed_only": 0.28727674781806023,
      "r2_all": 0.7414497939705182,
      "r2_all_imputed_only": 0.678382057597928,
      "r2_sensory": 0.7402300964293856,
      "r2_sensory_imputed_only": 0.678301127573806,
      "rmse_all": 0.46236610645972104,
      "rmse_all_imputed_only": 0.49624330620071555,
      "rmse_imputed_only": 0.49624330620071555,
      "rmse_sensory": 0.4644181392868504,
      "rmse_sensory_imputed_only": 0.497287841078242
    },
    {
      "fold": 4,
      "mae_all": 0.2237858888385249,
      "mae_all_imputed_only": 0.25890524763519446,
      "mae_sensory": 0.2257498785617376,
      "mae_sensory_imputed_only": 0.25987002773316364,
      "r2_all": 0.7668805920370714,
      "r2_all_imputed_only": 0.7026338292634904,
      "r2_sensory": 0.7658030408932389,
      "r2_sensory_imputed_only": 0.7024941435350982,
      "rmse_all": 0.4381709354762144,
      "rmse_all_imputed_only": 0.4713002220052894,
      "rmse_imputed_only": 0.4713002220052894,
      "rmse_sensory": 0.44013601140406966,
      "rmse_sensory_imputed_only": 0.47222745945784594
    }
  ],
  "overall": {
    "mae_all": 0.2363130620487348,
    "mae_all_imputed_only": 0.27272354065367194,
    "mae_sensory": 0.23837357167302492,
    "mae_sensory_imputed_only": 0.27376431462300166,
    "r2_all": 0.7517548128758245,
    "r2_all_imputed_only": 0.6859493033224673,
    "r2_sensory": 0.7506495736376534,
    "r2_sensory_imputed_only": 0.6858642896605869,
    "rmse_all": 0.4522482285928062,
    "rmse_all_imputed_only": 0.4858411810861824,
    "rmse_imputed_only": 0.4858411810861824,
    "rmse_sensory": 0.45423238262866955,
    "rmse_sensory_imputed_only": 0.48678530436834055
  }
}