{
  "artifacts": {
    "submission_csv": "predictions_test.csv",
    "train_metrics_json": "train_metrics.json"
  },
  "finished_utc": "2026-02-15T14:28:49.747344+00:00",
  "method": "tabimpute_plus",
  "run_id": "t2_tabimpute_plus__20260215_141129__job57231699__7ney72c2",
  "track": 2,
  "train_metrics": {
    "mae_all": 0.8600298166275024,
    "mae_all_imputed_only": 0.9953276515007019,
    "mae_sensory": 0.8667025566101074,
    "mae_sensory_imputed_only": 0.9982492327690125,
    "r2_all": -0.4242640363073995,
    "r2_all_imputed_only": -0.790174309442232,
    "r2_sensory": -0.4304338168916766,
    "r2_sensory_imputed_only": -0.7898678685770637,
    "rmse_all": 1.0867425203323364,
    "rmse_all_imputed_only": 1.1691033840179443,
    "rmse_imputed_only": 1.1691033840179443,
    "rmse_sensory": 1.0913159847259521,
    "rmse_sensory_imputed_only": 1.171210527420044
  }
}