{
  "mae_all": 0.8600298166275024,
  "mae_all_imputed_only": 0.9953276515007019,
  "mae_sensory": 0.8667025566101074,
  "mae_sensory_imputed_only": 0.9982492327690125,
  "r2_all": -0.4242640363073995,
  "r2_all_imputed_only": -0.790174309442232,
  "r2_sensory": -0.4304338168916766,
  "r2_sensory_imputed_only": -0.7898678685770637,
  "rmse_all": 1.0867425203323364,
  "rmse_all_imputed_only": 1.1691033840179443,
  "rmse_imputed_only": 1.1691033840179443,
  "rmse_sensory": 1.0913159847259521,
  "rmse_sensory_imputed_only": 1.171210527420044
}