{
  "folds": [
    {
      "fold": 0,
      "mae_all": 0.31319663167655315,
      "mae_all_imputed_only": 0.3624778915898119,
      "mae_sensory": 0.3158703833728076,
      "mae_sensory_imputed_only": 0.3638165490032255,
      "r2_all": 0.7350468251372289,
      "r2_all_imputed_only": 0.6644123901272678,
      "r2_sensory": 0.7339037233161053,
      "r2_sensory_imputed_only": 0.664391368471615,
      "rmse_all": 0.4677289272403405,
      "rmse_all_imputed_only": 0.5031835680330631,
      "rmse_imputed_only": 0.5031835680330631,
      "rmse_sensory": 0.46973452964825896,
      "rmse_sensory_imputed_only": 0.5041261864328287
    },
    {
      "fold": 1,
      "mae_all": 0.3813746575768308,
      "mae_all_imputed_only": 0.43906828584484403,
      "mae_sensory": 0.38464492598574074,
      "mae_sensory_imputed_only": 0.4406699321028296,
      "r2_all": 0.6456651197082668,
      "r2_all_imputed_only": 0.5480298229505802,
      "r2_sensory": 0.6442074786296039,
      "r2_sensory_imputed_only": 0.5479598846583877,
      "rmse_all": 0.5352564310965437,
      "rmse_all_imputed_only": 0.5743174514436131,
      "rmse_imputed_only": 0.5743174514436131,
      "rmse_sensory": 0.5375464829842408,
      "rmse_sensory_imputed_only": 0.5753640597966145
    },
    {
      "fold": 2,
      "mae_all": 0.3086532447652197,
      "mae_all_imputed_only": 0.3558636663704674,
      "mae_sensory": 0.3113566432401412,
      "mae_sensory_imputed_only": 0.3571963148927827,
      "r2_all": 0.716609294463975,
      "r2_all_imputed_only": 0.641279821781435,
      "r2_sensory": 0.7153729552787478,
      "r2_sensory_imputed_only": 0.6411777951919926,
      "rmse_all": 0.4857519680555732,
      "rmse_all_imputed_only": 0.521580047814067,
      "rmse_imputed_only": 0.521580047814067,
      "rmse_sensory": 0.48787844868663155,
      "rmse_sensory_imputed_only": 0.522559864994251
    },
    {
      "fold": 3,
      "mae_all": 0.31114331293813163,
      "mae_all_imputed_only": 0.35840809761945885,
      "mae_sensory": 0.3139086992655413,
      "mae_sensory_imputed_only": 0.35991561122103216,
      "r2_all": 0.6904349015618474,
      "r2_all_imputed_only": 0.614923184444027,
      "r2_sensory": 0.6889711745560346,
      "r2_sensory_imputed_only": 0.6148221134856444,
      "rmse_all": 0.505928962820109,
      "rmse_all_imputed_only": 0.5429979786687092,
      "rmse_imputed_only": 0.5429979786687092,
      "rmse_sensory": 0.5081770849830075,
      "rmse_sensory_imputed_only": 0.5441438740198437
    },
    {
      "fold": 4,
      "mae_all": 0.3250468435966105,
      "mae_all_imputed_only": 0.3760573732830075,
      "mae_sensory": 0.32790264765496613,
      "mae_sensory_imputed_only": 0.37746230776629297,
      "r2_all": 0.7097493038815237,
      "r2_all_imputed_only": 0.6297573899463447,
      "r2_sensory": 0.7084587924761286,
      "r2_sensory_imputed_only": 0.6296484080322243,
      "rmse_all": 0.48892358332087904,
      "rmse_all_imputed_only": 0.5258901828171587,
      "rmse_imputed_only": 0.5258901828171587,
      "rmse_sensory": 0.491073220670676,
      "rmse_sensory_imputed_only": 0.5268786315969038
    }
  ],
  "overall": {
    "mae_all": 0.32788461231050037,
    "mae_all_imputed_only": 0.3784041881558572,
    "mae_sensory": 0.3307383328744704,
    "mae_sensory_imputed_only": 0.37984224670313915,
    "r2_all": 0.6998995286613032,
    "r2_all_imputed_only": 0.6203480792961752,
    "r2_sensory": 0.6985821561819263,
    "r2_sensory_imputed_only": 0.6202689128785743,
    "rmse_all": 0.49724427838655816,
    "rmse_all_imputed_only": 0.5341795328891967,
    "rmse_imputed_only": 0.5341795328891967,
    "rmse_sensory": 0.49941032174863337,
    "rmse_sensory_imputed_only": 0.5352009561058437
  }
}