{
  "mse_per_target": {
    "anyana": 0.013707413338124752,
    "c2ltl": 0.007996557280421257,
    "c2ltr": 0.0003731506294570863,
    "c2ppl": 0.01350637711584568,
    "c2ppr": 0.013721239753067493,
    "c3ltl": 0.06444594264030457,
    "c3ltr": 0.1322462409734726,
    "c3ppl": 0.09668732434511185,
    "c3ppr": 0.0739007368683815,
    "c4ltl": 0.15346060693264008,
    "c4ltr": 0.6506983637809753,
    "c4ppl": 0.19342041015625,
    "c4ppr": 0.176130473613739,
    "c5ltl": 0.5723732113838196,
    "c5ltr": 1.1240285634994507,
    "c5ppl": 0.7443332076072693,
    "c5ppr": 0.6972118020057678,
    "c6ltl": 0.7947866320610046,
    "c6ltr": 1.034080982208252,
    "c6ppl": 0.8975412845611572,
    "c6ppr": 0.8451071977615356,
    "c7ltl": 0.9004021883010864,
    "c7ltr": 1.148880958557129,
    "c7ppl": 1.002647042274475,
    "c7ppr": 1.031864047050476,
    "c8ltl": 1.0379691123962402,
    "c8ltr": 1.3265959024429321,
    "c8ppl": 1.1688143014907837,
    "c8ppr": 1.1738981008529663,
    "l1ltl": 1.8433175086975098,
    "l1ltr": 1.8382797241210938,
    "l1ppl": 1.8680824041366577,
    "l1ppr": 1.8626090288162231,
    "l2ltl": 1.8451207876205444,
    "l2ltr": 1.8430981636047363,
    "l2ppl": 1.8609392642974854,
    "l2ppr": 1.8640787601470947,
    "l3ltl": 1.8335845470428467,
    "l3ltr": 1.8288441896438599,
    "l3ppl": 1.8554553985595703,
    "l3ppr": 1.8624473810195923,
    "l4ltl": 1.836370825767517,
    "l4ltr": 1.8297224044799805,
    "l4ppl": 1.8664911985397339,
    "l4ppr": 1.8546369075775146,
    "l5ltl": 1.826516032218933,
    "l5ltr": 1.818209171295166,
    "l5ppl": 1.8677259683609009,
    "l5ppr": 1.86074697971344,
    "s1ltl": 1.8260879516601562,
    "s1ltr": 1.818402647972107,
    "s1ppl": 1.8778512477874756,
    "s1ppr": 1.8750760555267334,
    "s2ltl": 1.8329789638519287,
    "s2ltr": 1.8051270246505737,
    "s2ppl": 1.8727612495422363,
    "s2ppr": 1.875465989112854,
    "s3ltl": 1.8112308979034424,
    "s3ltr": 1.7909740209579468,
    "s3ppl": 1.8676928281784058,
    "s3ppr": 1.881648302078247,
    "s45ltl": 0.1412111222743988,
    "s45ppl": 0.38190948963165283,
    "s45ppr": 0.3866709768772125,
    "t10ltl": 1.7879691123962402,
    "t10ltr": 1.8060355186462402,
    "t10ppl": 1.8539210557937622,
    "t10ppr": 1.8265795707702637,
    "t11ltl": 1.8080936670303345,
    "t11ltr": 1.8273975849151611,
    "t11ppl": 1.8542298078536987,
    "t11ppr": 1.8384348154067993,
    "t12ltl": 1.823556900024414,
    "t12ltr": 1.8447855710983276,
    "t12ppl": 1.853377342224121,
    "t12ppr": 1.8560614585876465,
    "t1ltl": 1.0237900018692017,
    "t1ltr": 1.2716046571731567,
    "t1ppl": 1.1503373384475708,
    "t1ppr": 1.1574985980987549,
    "t2ltl": 1.0890854597091675,
    "t2ltr": 1.2940953969955444,
    "t2ppl": 1.1914496421813965,
    "t2ppr": 1.186161756515503,
    "t3ltl": 1.2035261392593384,
    "t3ltr": 1.3767777681350708,
    "t3ppl": 1.343559741973877,
    "t3ppr": 1.3212918043136597,
    "t4ltl": 1.3298077583312988,
    "t4ltr": 1.4955987930297852,
    "t4ppl": 1.4610610008239746,
    "t4ppr": 1.4444799423217773,
    "t5ltl": 1.4680805206298828,
    "t5ltr": 1.6042325496673584,
    "t5ppl": 1.5721988677978516,
    "t5ppr": 1.5656956434249878,
    "t6ltl": 1.5506656169891357,
    "t6ltr": 1.6466803550720215,
    "t6ppl": 1.6439319849014282,
    "t6ppr": 1.642575979232788,
    "t7ltl": 1.6102570295333862,
    "t7ltr": 1.704372763633728,
    "t7ppl": 1.7129459381103516,
    "t7ppr": 1.69999098777771,
    "t8ltl": 1.7003753185272217,
    "t8ltr": 1.7476838827133179,
    "t8ppl": 1.772363305091858,
    "t8ppr": 1.7602075338363647,
    "t9ltl": 1.727486491203308,
    "t9ltr": 1.784159779548645,
    "t9ppl": 1.8038923740386963,
    "t9ppr": 1.8149561882019043
  },
  "per_target_contrib": {
    "anyana": 0.0056331835636129115,
    "c2ltl": 0.006435585482530806,
    "c2ltr": 4.344904589568813e-05,
    "c2ppl": 0.012303754495941613,
    "c2ppr": 0.012687447716877477,
    "c3ltl": 0.03840271924456505,
    "c3ltr": 0.010416655967088594,
    "c3ppl": 0.06423746891421814,
    "c3ppr": 0.05061694306053527,
    "c4ltl": 0.07357700332386853,
    "c4ltr": 0.03788312391875541,
    "c4ppl": 0.10002219840271831,
    "c4ppr": 0.08987479646728463,
    "c5ltl": 0.3547929837687375,
    "c5ltr": 0.27330831509746917,
    "c5ppl": 0.49707183384732023,
    "c5ppr": 0.4417266553803666,
    "c6ltl": 0.6532492866254832,
    "c6ltr": 0.5666197162784942,
    "c6ppl": 0.7530740230050805,
    "c6ppr": 0.703291263890593,
    "c7ltl": 0.8263965289886683,
    "c7ltr": 0.7475595278282688,
    "c7ppl": 0.9408400328191993,
    "c7ppr": 0.9647222083725341,
    "c8ltl": 0.9704300263156629,
    "c8ltr": 0.9358861503535755,
    "c8ppl": 1.112775259638486,
    "c8ppr": 1.1135951162201085,
    "l1ltl": 1.8306920463091707,
    "l1ltr": 1.8068023315847737,
    "l1ppl": 1.8552873191768176,
    "l1ppr": 1.8434726346845496,
    "l2ltl": 1.8388018808136248,
    "l2ltr": 1.8304742035800463,
    "l2ppl": 1.8545661846252337,
    "l2ppr": 1.8513110974063611,
    "l3ltl": 1.8335845470428467,
    "l3ltr": 1.8288441896438599,
    "l3ppl": 1.8554553985595703,
    "l3ppr": 1.8624473810195923,
    "l4ltl": 1.836370825767517,
    "l4ltr": 1.8297224044799805,
    "l4ppl": 1.8664911985397339,
    "l4ppr": 1.8546369075775146,
    "l5ltl": 1.826516032218933,
    "l5ltr": 1.818209171295166,
    "l5ppl": 1.8677259683609009,
    "l5ppr": 1.86074697971344,
    "s1ltl": 1.8260879516601562,
    "s1ltr": 1.818402647972107,
    "s1ppl": 1.8778512477874756,
    "s1ppr": 1.8750760555267334,
    "s2ltl": 1.8329789638519287,
    "s2ltr": 1.8051270246505737,
    "s2ppl": 1.8727612495422363,
    "s2ppr": 1.875465989112854,
    "s3ltl": 1.8112308979034424,
    "s3ltr": 1.7909740209579468,
    "s3ppl": 1.8676928281784058,
    "s3ppr": 1.881648302078247,
    "s45ltl": 0.05464676992125707,
    "s45ppl": 0.1569491053280765,
    "s45ppr": 0.15625744955996945,
    "t10ltl": 1.7573532029374006,
    "t10ltr": 1.7503700403318012,
    "t10ppl": 1.8348739216588947,
    "t10ppr": 1.764025475880871,
    "t11ltl": 1.7895173622320775,
    "t11ltr": 1.7710736867499677,
    "t11ppl": 1.847879705772008,
    "t11ppr": 1.8069547671977788,
    "t12ltl": 1.8048217263940263,
    "t12ltr": 1.8195145358778024,
    "t12ppl": 1.8406829768664217,
    "t12ppr": 1.8242795842967623,
    "t1ltl": 0.9676919195749988,
    "t1ltr": 0.9319294405310122,
    "t1ppl": 1.095184178385016,
    "t1ppr": 1.0980380536758736,
    "t2ltl": 1.0517880124588534,
    "t2ltr": 0.9838670484007221,
    "t2ppl": 1.1588071862312213,
    "t2ppr": 1.1496019763489291,
    "t3ltl": 1.149944496073135,
    "t3ltr": 1.0561582878844378,
    "t3ppl": 1.2929461900502035,
    "t3ppr": 1.2715171130552683,
    "t4ltl": 1.2205084905232468,
    "t4ltr": 1.1626744041704151,
    "t4ppl": 1.3559846959701958,
    "t4ppr": 1.3257555635008094,
    "t5ltl": 1.2669735999956524,
    "t5ltr": 1.2526199360416361,
    "t5ppl": 1.378366130672089,
    "t5ppr": 1.3458548167796984,
    "t6ltl": 1.380729658962929,
    "t6ltr": 1.3139606942869213,
    "t6ppl": 1.4862946712807432,
    "t6ppr": 1.4400666119301155,
    "t7ltl": 1.5109946099046159,
    "t7ltr": 1.4183650053527257,
    "t7ppl": 1.6249521399197513,
    "t7ppr": 1.5835532488888255,
    "t8ltl": 1.6246736776338866,
    "t8ltr": 1.610023850855762,
    "t8ppl": 1.711665931629808,
    "t8ppr": 1.6697859139475104,
    "t9ltl": 1.686074143811448,
    "t9ltr": 1.6863975998473495,
    "t9ppl": 1.77918151959981,
    "t9ppr": 1.7528001543593732
  },
  "weights": {
    "anyana": 0.410958904109589,
    "c2ltl": 0.8047945205479452,
    "c2ltr": 0.11643835616438356,
    "c2ppl": 0.910958904109589,
    "c2ppr": 0.9246575342465754,
    "c3ltl": 0.5958904109589042,
    "c3ltr": 0.07876712328767123,
    "c3ppl": 0.6643835616438356,
    "c3ppr": 0.684931506849315,
    "c4ltl": 0.4794520547945205,
    "c4ltr": 0.05821917808219178,
    "c4ppl": 0.5171232876712328,
    "c4ppr": 0.5102739726027398,
    "c5ltl": 0.6198630136986302,
    "c5ltr": 0.24315068493150685,