{
  "mae_all": 0.42473551630973816,
  "mae_all_imputed_only": 0.49017760157585144,
  "mae_sensory": 0.42646583914756775,
  "mae_sensory_imputed_only": 0.4897821843624115,
  "r2_all": 0.5356514506774941,
  "r2_all_imputed_only": 0.41256075703988304,
  "r2_sensory": 0.535314871804556,
  "r2_sensory_imputed_only": 0.41458216755137467,
  "rmse_all": 0.6185267567634583,
  "rmse_all_imputed_only": 0.6644708514213562,
  "rmse_imputed_only": 0.6644708514213562,
  "rmse_sensory": 0.620086669921875,
  "rmse_sensory_imputed_only": 0.6645256876945496
}