{
  "mse_per_target": {
    "anyana": 0.018246842548251152,
    "c2ltl": 0.005213695112615824,
    "c2ltr": 0.0005617336137220263,
    "c2ppl": 0.006712952628731728,
    "c2ppr": 0.006298367865383625,
    "c3ltl": 0.013042833656072617,
    "c3ltr": 0.00583936832845211,
    "c3ppl": 0.020933078601956367,
    "c3ppr": 0.011051507666707039,
    "c4ltl": 0.07314778119325638,
    "c4ltr": 0.1711299866437912,
    "c4ppl": 0.07338850945234299,
    "c4ppr": 0.05711304023861885,
    "c5ltl": 0.16935889422893524,
    "c5ltr": 0.3610968589782715,
    "c5ppl": 0.250948965549469,
    "c5ppr": 0.2163604348897934,
    "c6ltl": 0.19462639093399048,
    "c6ltr": 0.2640713155269623,
    "c6ppl": 0.21655339002609253,
    "c6ppr": 0.24580231308937073,
    "c7ltl": 0.21802738308906555,
    "c7ltr": 0.26899293065071106,
    "c7ppl": 0.22472375631332397,
    "c7ppr": 0.2431914210319519,
    "c8ltl": 0.2166992425918579,
    "c8ltr": 0.25944095849990845,
    "c8ppl": 0.22866754233837128,
    "c8ppr": 0.23188170790672302,
    "l1ltl": 0.10373136401176453,
    "l1ltr": 0.10047890990972519,
    "l1ppl": 0.12977208197116852,
    "l1ppr": 0.11358413100242615,
    "l2ltl": 0.11876817047595978,
    "l2ltr": 0.10242627561092377,
    "l2ppl": 0.13113771378993988,
    "l2ppr": 0.11408034712076187,
    "l3ltl": 0.10810988396406174,
    "l3ltr": 0.097269706428051,
    "l3ppl": 0.13809536397457123,
    "l3ppr": 0.12413449585437775,
    "l4ltl": 0.11074887961149216,
    "l4ltr": 0.10804297775030136,
    "l4ppl": 0.15416254103183746,
    "l4ppr": 0.12891647219657898,
    "l5ltl": 0.11104763299226761,
    "l5ltr": 0.11500180512666702,
    "l5ppl": 0.16260595619678497,
    "l5ppr": 0.14028015732765198,
    "s1ltl": 0.11571606993675232,
    "s1ltr": 0.10509462654590607,
    "s1ppl": 0.1680154949426651,
    "s1ppr": 0.1513596773147583,
    "s2ltl": 0.11207900196313858,
    "s2ltr": 0.08308389782905579,
    "s2ppl": 0.14974428713321686,
    "s2ppr": 0.13075494766235352,
    "s3ltl": 0.07376296073198318,
    "s3ltr": 0.04926378279924393,
    "s3ppl": 0.1383265107870102,
    "s3ppr": 0.1295667588710785,
    "s45ltl": 0.12204728275537491,
    "s45ppl": 0.29424095153808594,
    "s45ppr": 0.29269590973854065,
    "t10ltl": 0.16218037903308868,
    "t10ltr": 0.12062837928533554,
    "t10ppl": 0.17896227538585663,
    "t10ppr": 0.1459207683801651,
    "t11ltl": 0.14041656255722046,
    "t11ltr": 0.1103266105055809,
    "t11ppl": 0.1606374979019165,
    "t11ppr": 0.12172289937734604,
    "t12ltl": 0.11468511074781418,
    "t12ltr": 0.10364862531423569,
    "t12ppl": 0.13089323043823242,
    "t12ppr": 0.12517821788787842,
    "t1ltl": 0.23103100061416626,
    "t1ltr": 0.2858555316925049,
    "t1ppl": 0.27660492062568665,
    "t1ppr": 0.2800302803516388,
    "t2ltl": 0.2566671371459961,
    "t2ltr": 0.29109638929367065,
    "t2ppl": 0.2913682162761688,
    "t2ppr": 0.2916807234287262,
    "t3ltl": 0.251248300075531,
    "t3ltr": 0.2659156918525696,
    "t3ppl": 0.28673309087753296,
    "t3ppr": 0.28419816493988037,
    "t4ltl": 0.21186214685440063,
    "t4ltr": 0.22164452075958252,
    "t4ppl": 0.23214106261730194,
    "t4ppr": 0.18159106373786926,
    "t5ltl": 0.19848224520683289,
    "t5ltr": 0.16362351179122925,
    "t5ppl": 0.2240329533815384,
    "t5ppr": 0.17671683430671692,
    "t6ltl": 0.19637931883335114,
    "t6ltr": 0.16524185240268707,
    "t6ppl": 0.1949409693479538,
    "t6ppr": 0.1855451911687851,
    "t7ltl": 0.1834605485200882,
    "t7ltr": 0.14965905249118805,
    "t7ppl": 0.20647282898426056,
    "t7ppr": 0.16602295637130737,
    "t8ltl": 0.18109075725078583,
    "t8ltr": 0.13811761140823364,
    "t8ppl": 0.18066328763961792,
    "t8ppr": 0.13911442458629608,
    "t9ltl": 0.14885826408863068,
    "t9ltr": 0.13408243656158447,
    "t9ppl": 0.1511317938566208,
    "t9ppr": 0.1450330913066864
  },
  "mse_per_target_all": {
    "anyana": 0.007349694613367319,
    "c2ltl": 0.004116075113415718,
    "c2ltr": 7.723082671873271e-05,
    "c2ppl": 0.006150536239147186,
    "c2ppr": 0.005865397397428751,
    "c3ltl": 0.007985408417880535,
    "c3ltr": 0.0006146703963167965,
    "c3ppl": 0.014884746633470058,
    "c3ppr": 0.007941416464745998,
    "c4ltl": 0.03425610437989235,
    "c4ltr": 0.01396979670971632,
    "c4ppl": 0.03767959773540497,
    "c4ppr": 0.02920065075159073,
    "c5ltl": 0.09950517117977142,
    "c5ltr": 0.08300185203552246,
    "c5ppl": 0.15525949001312256,
    "c5ppr": 0.1275852620601654,
    "c6ltl": 0.15427957475185394,
    "c6ltr": 0.1378503292798996,
    "c6ppl": 0.1751500368118286,
    "c6ppr": 0.19643063843250275,
    "c7ltl": 0.19976085424423218,
    "c7ltr": 0.18144741654396057,
    "c7ppl": 0.20879274606704712,
    "c7ppr": 0.22438392043113708,
    "c8ltl": 0.20552675426006317,
    "c8ltr": 0.18977367877960205,
    "c8ppl": 0.21712365746498108,
    "c8ppr": 0.22092272341251373,
    "l1ltl": 0.10284000635147095,
    "l1ltr": 0.09907586872577667,
    "l1ppl": 0.12865696847438812,
    "l1ppr": 0.11260811239480972,
    "l2ltl": 0.11813031882047653,
    "l2ltr": 0.10143613070249557,
    "l2ppl": 0.13043342530727386,
    "l2ppr": 0.11346766352653503,
    "l3ltl": 0.10810988396406174,
    "l3ltr": 0.0969562828540802,
    "l3ppl": 0.13809536397457123,
    "l3ppr": 0.12413449585437775,
    "l4ltl": 0.11074887961149216,
    "l4ltr": 0.1076948270201683,
    "l4ppl": 0.15416254103183746,
    "l4ppr": 0.12891647219657898,
    "l5ltl": 0.11104763299226761,
    "l5ltr": 0.11463122814893723,
    "l5ppl": 0.16260595619678497,
    "l5ppr": 0.14028015732765198,
    "s1ltl": 0.11571606993675232,
    "s1ltr": 0.10475596785545349,
    "s1ppl": 0.1680154949426651,
    "s1ppr": 0.1513596773147583,
    "s2ltl": 0.11207900196313858,
    "s2ltr": 0.08281617611646652,
    "s2ppl": 0.14974428713321686,
    "s2ppr": 0.13075494766235352,
    "s3ltl": 0.07352527230978012,
    "s3ltr": 0.04910503700375557,
    "s3ppl": 0.13788077235221863,
    "s3ppr": 0.12914924323558807,
    "s45ltl": 0.04653790220618248,
    "s45ppl": 0.11693786829710007,
    "s45ppr": 0.1153806671500206,
    "t10ltl": 0.1592189520597458,
    "t10ltr": 0.11466822773218155,
    "t10ppl": 0.17569443583488464,
    "t10ppr": 0.14231586456298828,
    "t11ltl": 0.13936080038547516,
    "t11ltr": 0.10617899149656296,
    "t11ppl": 0.15908463299274445,
    "t11ppr": 0.12015395611524582,
    "t12ltl": 0.11419236660003662,
    "t12ltr": 0.10119935870170593,
    "t12ppl": 0.1297684758901596,
    "t12ppr": 0.1243714690208435,
    "t1ltl": 0.22135300934314728,
    "t1ltr": 0.21462193131446838,
    "t1ppl": 0.2641264796257019,
    "t1ppr": 0.2689012587070465,
    "t2ltl": 0.24343402683734894,
    "t2ltr": 0.22449752688407898,
    "t2ppl": 0.27603304386138916,
    "t2ppr": 0.2769556939601898,
    "t3ltl": 0.23289717733860016,
    "t3ltr": 0.20593470335006714,
    "t3ppl": 0.26702213287353516,
    "t3ppr": 0.2640509307384491,
    "t4ltl": 0.19889099895954132,
    "t4ltr": 0.17450639605522156,
    "t4ppl": 0.2186763733625412,
    "t4ppr": 0.16969303786754608,
    "t5ltl": 0.1861170530319214,
    "t5ltr": 0.13286720216274261,
    "t5ppl": 0.21079792082309723,
    "t5ppr": 0.1653279811143875,
    "t6ltl": 0.18309050798416138,
    "t6ltr": 0.14021596312522888,
    "t6ppl": 0.18258702754974365,
    "t6ppr": 0.17279018461704254,
    "t7ltl": 0.17380473017692566,
    "t7ltr": 0.13052970170974731,
    "t7ppl": 0.19671472907066345,
    "t7ppr": 0.15657159686088562,
    "t8ltl": 0.17447735369205475,
    "t8ltr": 0.12491410225629807,
    "t8ppl": 0.17445358633995056,
    "t8ppr": 0.13418342173099518,
    "t9ltl": 0.14518077671527863,
    "t9ltr": 0.12544123828411102,
    "t9ppl": 0.14723581075668335,
    "t9ppr": 0.14035964012145996
  },
  "per_target_contrib": {
    "anyana": 0.00753044295642111,
    "c2ltl": 0.004241299595580333,
    "c2ltr": 6.464394761086811e-05,
    "c2ppl": 0.00615353990967075,
    "c2ppr": 0.005873477969702984,
    "c3ltl": 0.007815348738360973,
    "c3ltr": 0.0003939256412051027,
    "c3ppl": 0.013789250190177607,