{
  "folds": [
    {
      "fold": 0,
      "mae_all": 0.260998888702734,
      "mae_all_imputed_only": 0.3020668721046578,
      "mae_sensory": 0.26234889077433293,
      "mae_sensory_imputed_only": 0.30217099513153883,
      "r2_all": 0.7253724926563273,
      "r2_all_imputed_only": 0.6521589566061883,
      "r2_sensory": 0.7248659075159378,
      "r2_sensory_imputed_only": 0.652992603218304,
      "rmse_all": 0.47619154907201405,
      "rmse_all_imputed_only": 0.5122876708588178,
      "rmse_imputed_only": 0.5122876708588178,
      "rmse_sensory": 0.47764506062087875,
      "rmse_sensory_imputed_only": 0.5126158876580542
    },
    {
      "fold": 1,
      "mae_all": 0.269902449072115,
      "mae_all_imputed_only": 0.31073277498923746,
      "mae_sensory": 0.27133091916954916,
      "mae_sensory_imputed_only": 0.31085130636111935,
      "r2_all": 0.7118727155093586,
      "r2_all_imputed_only": 0.6324806079582508,
      "r2_sensory": 0.711451711292862,
      "r2_sensory_imputed_only": 0.6333947627499164,
      "rmse_all": 0.4826664744539764,
      "rmse_all_imputed_only": 0.5178896756789878,
      "rmse_imputed_only": 0.5178896756789878,
      "rmse_sensory": 0.4840908441183066,
      "rmse_sensory_imputed_only": 0.5181476992203566
    },
    {
      "fold": 2,
      "mae_all": 0.2806299256306097,
      "mae_all_imputed_only": 0.32355400735911416,
      "mae_sensory": 0.28216427143694844,
      "mae_sensory_imputed_only": 0.3237060783506382,
      "r2_all": 0.7084718783479018,
      "r2_all_imputed_only": 0.6309793591961319,
      "r2_sensory": 0.7079292861474634,
      "r2_sensory_imputed_only": 0.6317937474738126,
      "rmse_all": 0.49267666713620867,
      "rmse_all_imputed_only": 0.5290154986513196,
      "rmse_imputed_only": 0.5290154986513196,
      "rmse_sensory": 0.4942168616088019,
      "rmse_sensory_imputed_only": 0.5293488514924323
    },
    {
      "fold": 3,
      "mae_all": 0.29818311303115286,
      "mae_all_imputed_only": 0.34347915523093386,
      "mae_sensory": 0.29975153960623097,
      "mae_sensory_imputed_only": 0.34368355781233023,
      "r2_all": 0.6867003839845658,
      "r2_all_imputed_only": 0.6102777119939579,
      "r2_sensory": 0.6863313372797194,
      "r2_sensory_imputed_only": 0.6115529407927871,
      "rmse_all": 0.508971515762872,
      "rmse_all_imputed_only": 0.5462634570645376,
      "rmse_imputed_only": 0.5462634570645376,
      "rmse_sensory": 0.5103290886467923,
      "rmse_sensory_imputed_only": 0.5464481880968073
    },
    {
      "fold": 4,
      "mae_all": 0.2995190255705157,
      "mae_all_imputed_only": 0.34652340185194347,
      "mae_sensory": 0.3013164467317138,
      "mae_sensory_imputed_only": 0.3468578316298613,
      "r2_all": 0.673709193761947,
      "r2_all_imputed_only": 0.5837847717382335,
      "r2_sensory": 0.6729298113497069,
      "r2_sensory_imputed_only": 0.5845151150994028,
      "rmse_all": 0.5183901842631995,
      "rmse_all_imputed_only": 0.557584698453536,
      "rmse_imputed_only": 0.557584698453536,
      "rmse_sensory": 0.5201358141582231,
      "rmse_sensory_imputed_only": 0.5580602534871448
    }
  ],
  "overall": {
    "mae_all": 0.28183624808432445,
    "mae_all_imputed_only": 0.32526081629060394,
    "mae_sensory": 0.2833718267473041,
    "mae_sensory_imputed_only": 0.32544335090701887,
    "r2_all": 0.7013779429318264,
    "r2_all_imputed_only": 0.6222183956435514,
    "r2_sensory": 0.7008554138860972,
    "r2_sensory_imputed_only": 0.6231327997950801,
    "rmse_all": 0.4960179546485631,
    "rmse_all_imputed_only": 0.5328621179484784,
    "rmse_imputed_only": 0.5328621179484784,
    "rmse_sensory": 0.49752351071944667,
    "rmse_sensory_imputed_only": 0.5331789252770135
  }
}