{
  "mae_all": 0.5971580147743225,
  "mae_all_imputed_only": 0.6911014914512634,
  "mae_sensory": 0.5990054607391357,
  "mae_sensory_imputed_only": 0.689921498298645,
  "r2_all": -0.22286933923679308,
  "r2_all_imputed_only": -0.5370389331615615,
  "r2_sensory": -0.22465998770717066,
  "r2_sensory_imputed_only": -0.5323879623401273,
  "rmse_all": 1.006981372833252,
  "rmse_all_imputed_only": 1.0832973718643188,
  "rmse_imputed_only": 1.0832973718643188,
  "rmse_sensory": 1.0097745656967163,
  "rmse_sensory_imputed_only": 1.0836994647979736
}