ID,c2ltl,c3ltl,c4ltl,c5ltl,c6ltl,c7ltl,c8ltl,t1ltl,t2ltl,t3ltl,t4ltl,t5ltl,t6ltl,t7ltl,t8ltl,t9ltl,t10ltl,t11ltl,t12ltl,l1ltl,l2ltl,l3ltl,l4ltl,l5ltl,s1ltl,s2ltl,s3ltl,s45ltl,c2ltr,c3ltr,c4ltr,c5ltr,c6ltr,c7ltr,c8ltr,t1ltr,t2ltr,t3ltr,t4ltr,t5ltr,t6ltr,t7ltr,t8ltr,t9ltr,t10ltr,t11ltr,t12ltr,l1ltr,l2ltr,l3ltr,l4ltr,l5ltr,s1ltr,s2ltr,s3ltr,c2ppl,c3ppl,c4ppl,c5ppl,c6ppl,c7ppl,c8ppl,t1ppl,t2ppl,t3ppl,t4ppl,t5ppl,t6ppl,t7ppl,t8ppl,t9ppl,t10ppl,t11ppl,t12ppl,l1ppl,l2ppl,l3ppl,l4ppl,l5ppl,s1ppl,s2ppl,s3ppl,s45ppl,c2ppr,c3ppr,c4ppr,c5ppr,c6ppr,c7ppr,c8ppr,t1ppr,t2ppr,t3ppr,t4ppr,t5ppr,t6ppr,t7ppr,t8ppr,t9ppr,t10ppr,t11ppr,t12ppr,l1ppr,l2ppr,l3ppr,l4ppr,l5ppr,s1ppr,s2ppr,s3ppr,s45ppr,anyana
id_test_0,1.4046875,1.4046875,1.4046875,1.4046875,1.4046875,1.4046875,1.4046873,1.4046875,1.4046875,1.4046875,2.0,2.0,1.4095377,1.3897687,1.3897688,1.3897688,1.3897688,1.3897688,1.3897688,1.3897688,1.3897687,1.3897688,1.3897688,1.3897688,1.3897688,1.3897688,1.3897688,0.0,2.0,2.0,2.0,2.0,2.0,2.0,2.0,2.0,2.0,2.0,2.0,2.0,0.0,0.0,0.0,0.0,0.0,0.0,0.0,0.0,0.0,0.0,0.0,0.0,0.0,0.0,0.0,0.0,0.0,0.0,0.0,0.0,0.0,0.0,0.0,0.0,0.0,2.0,2.0,0.0,0.0,0.0,0.0,0.0,0.0,0.0,0.0,0.0,0.0,0.0,0.0,0.0,0.0,0.0,0.0,0.3396873,0.3396873,0.3396873,0.3396873,0.3396873,0.3396873,0.3396868,0.3396873,0.3396873,0.3396873,2.0,2.0,0.45963514,0.18617411,0.18617429,0.18617429,0.18617429,0.18617429,0.18617429,0.18617429,0.18617411,0.18617429,0.18617429,0.18617429,0.18617429,0.18617429,0.18617429,0.0,0.0
