{
  "artifacts": {
    "submission_csv": "predictions_test.csv",
    "train_metrics_json": "train_metrics.json"
  },
  "finished_utc": "2026-02-16T10:01:28.748296+00:00",
  "method": "tabimpute",
  "run_id": "t1_tabimpute__20260216_095026__job57301592__obon7bw2",
  "track": 1,
  "train_metrics": {
    "mae_all": 0.3487129807472229,
    "mae_all_imputed_only": 0.37647193670272827,
    "mae_sensory": 0.34658217430114746,
    "mae_sensory_imputed_only": 0.37791708111763,
    "r2_all": 0.6665930155878103,
    "r2_all_imputed_only": 0.6030328358410044,
    "r2_sensory": 0.6711365546993789,
    "r2_sensory_imputed_only": 0.6029036606449936,
    "rmse_all": 0.5241116285324097,
    "rmse_all_imputed_only": 0.5462252497673035,
    "rmse_imputed_only": 0.5462252497673035,
    "rmse_sensory": 0.5216519236564636,
    "rmse_sensory_imputed_only": 0.5473016500473022
  }
}